{"cameraMode":{"drawMode":0,"name":"Shaded","section":"Shading Mode"},"sceneLighting":true,"audioPlay":false,"sceneViewState":{"m_AlwaysRefresh":false,"showFog":true,"showSkybox":true,"showFlares":true,"showImageEffects":true,"showParticleSystems":true,"showVisualEffectGraphs":true,"m_FxEnabled":true},"in2DMode":false,"pivot":{"x":12.248298645019532,"y":0.17490625381469727,"z":0.8095418214797974},"rotation":{"x":0.09167110174894333,"y":0.6476195454597473,"z":-0.07887325435876847,"w":0.7524381875991821},"size":7.8502888679504398,"orthographic":false}